timestamp,open,high,low,close,volume,pvsra_pattern
2025-08-24 21:30:00+00:00,112873.4,113373.1,112846.5,112910.1,2118.868,No Demand
2025-08-24 21:45:00+00:00,112910.1,113161.0,112881.6,112947.2,834.479,No Demand
2025-08-24 22:00:00+00:00,112947.2,113100.0,112707.2,112881.6,1563.926,No Supply
2025-08-24 22:15:00+00:00,112881.7,112881.7,112561.1,112602.7,1508.541,No Supply
2025-08-24 23:15:00+00:00,113405.9,113600.0,113386.1,113590.9,628.688,No Demand
2025-08-24 23:30:00+00:00,113591.0,113646.5,113409.0,113600.0,1087.201,No Demand
2025-08-24 23:45:00+00:00,113600.0,113615.0,113350.2,113446.3,601.142,No Supply
2025-08-25 00:30:00+00:00,113029.3,113047.4,112100.2,112220.6,4751.592,Strong Bearish
2025-08-25 01:30:00+00:00,112945.5,113011.8,112663.8,112669.1,776.57,No Supply
2025-08-25 01:45:00+00:00,112669.2,113054.7,112669.2,113028.9,573.837,No Demand
2025-08-25 02:30:00+00:00,113379.9,113485.5,113250.0,113275.0,780.88,No Supply
2025-08-25 02:45:00+00:00,113275.0,113453.7,113260.0,113366.4,549.529,No Demand
2025-08-25 03:00:00+00:00,113366.3,113621.3,113287.3,113365.9,848.8,No Supply
2025-08-25 03:15:00+00:00,113366.0,113522.7,113275.1,113329.0,554.792,No Supply
2025-08-25 05:15:00+00:00,112514.7,112620.0,112461.5,112515.0,571.67,No Demand
2025-08-25 06:45:00+00:00,112014.1,112040.0,111722.0,111900.9,2982.177,Shakeout
2025-08-25 07:30:00+00:00,111852.2,111910.9,111374.5,111811.1,3998.742,Shakeout
2025-08-25 08:00:00+00:00,111469.7,111572.2,110893.6,111570.0,5758.226,Strong Bullish
2025-08-25 08:30:00+00:00,111613.4,111786.4,111485.4,111489.2,1318.08,No Supply
2025-08-25 08:45:00+00:00,111489.2,111650.2,111355.2,111362.1,1047.814,No Supply
2025-08-25 09:30:00+00:00,111430.0,111636.1,111326.7,111605.1,896.768,No Demand
2025-08-25 09:45:00+00:00,111605.0,111789.9,111563.8,111747.6,1366.068,No Demand
2025-08-25 10:00:00+00:00,111747.6,111757.6,111587.3,111620.0,787.501,No Supply
2025-08-25 11:15:00+00:00,111097.0,111136.3,110962.5,111048.7,998.741,No Supply
2025-08-25 11:45:00+00:00,111073.2,111246.0,111064.7,111183.7,671.484,No Demand
2025-08-25 13:30:00+00:00,111622.0,111671.2,110750.0,110785.6,7118.715,Strong Bearish
2025-08-25 13:45:00+00:00,110785.7,111500.0,110532.2,111449.8,5338.943,Strong Bullish
2025-08-25 15:30:00+00:00,112408.7,112480.0,112153.8,112369.7,1553.649,No Supply
2025-08-25 15:45:00+00:00,112369.3,112369.3,112066.3,112142.2,1606.67,No Supply
2025-08-25 16:30:00+00:00,112580.5,112769.2,112505.0,112651.4,858.28,No Demand
2025-08-25 16:45:00+00:00,112651.4,112748.0,112446.1,112446.1,1544.603,No Supply
2025-08-25 17:30:00+00:00,112675.4,112741.9,112307.6,112397.9,933.921,No Supply
2025-08-25 17:45:00+00:00,112397.9,112524.3,112211.4,112387.4,821.104,No Supply
2025-08-25 18:00:00+00:00,112387.4,112450.0,112234.5,112410.2,944.306,No Demand
2025-08-25 18:15:00+00:00,112410.2,112580.0,112388.0,112533.4,679.504,No Demand
2025-08-25 18:45:00+00:00,112249.8,112430.8,112235.2,112355.2,590.662,No Demand
2025-08-25 19:15:00+00:00,112102.0,112138.4,111688.0,111924.4,3868.673,Shakeout
2025-08-25 19:30:00+00:00,111924.3,111943.2,111014.4,111119.6,4816.942,Strong Bearish
2025-08-25 19:45:00+00:00,111119.7,111346.7,110601.7,110650.4,3561.306,Strong Bearish
2025-08-25 20:00:00+00:00,110650.4,111050.0,109855.4,110000.8,14679.801,Strong Bearish
2025-08-25 21:15:00+00:00,109439.1,109857.0,109432.2,109474.2,2111.112,No Demand
2025-08-25 21:45:00+00:00,110007.5,110242.0,109829.5,109839.5,1896.848,No Supply
2025-08-25 22:00:00+00:00,109839.8,110129.9,109839.8,109980.7,1242.383,No Demand
2025-08-25 22:15:00+00:00,109980.7,110328.6,109913.9,110326.7,1245.816,No Demand
2025-08-25 22:30:00+00:00,110326.6,110543.0,110281.5,110514.1,1575.828,No Demand
2025-08-25 22:45:00+00:00,110514.1,110543.0,110063.3,110096.9,1478.535,No Supply
2025-08-25 23:00:00+00:00,110096.8,110123.0,109757.5,110005.6,1626.869,No Supply
2025-08-25 23:15:00+00:00,110005.6,110069.2,109730.0,109888.9,1013.292,No Supply
2025-08-25 23:30:00+00:00,109888.9,110125.4,109853.2,110122.2,563.425,No Demand
2025-08-25 23:45:00+00:00,110122.1,110222.0,109985.7,110064.0,750.049,No Supply
2025-08-26 00:15:00+00:00,109667.8,109813.2,109347.3,109603.8,3483.326,Shakeout
2025-08-26 00:30:00+00:00,109603.7,109834.7,109130.1,109157.3,3111.737,Strong Bearish
2025-08-26 00:45:00+00:00,109157.3,109539.3,108858.8,109049.6,5915.732,Upthrust
2025-08-26 01:00:00+00:00,109049.5,109627.2,108559.7,109365.9,5621.014,Strong Bullish
2025-08-26 01:15:00+00:00,109365.9,109765.9,109256.0,109700.0,1348.195,No Demand
2025-08-26 01:30:00+00:00,109700.0,109775.0,109469.6,109581.2,1167.874,No Supply
2025-08-26 01:45:00+00:00,109581.2,109873.0,109546.7,109850.0,1741.033,No Demand
2025-08-26 02:00:00+00:00,109850.1,109965.0,109647.6,109950.6,1346.874,No Demand
2025-08-26 02:15:00+00:00,109950.5,109952.9,109628.7,109798.8,694.417,No Supply
2025-08-26 02:30:00+00:00,109798.8,109846.1,109502.7,109606.1,743.664,No Supply
2025-08-26 02:45:00+00:00,109606.1,109766.4,109454.2,109668.8,1002.057,No Demand
2025-08-26 03:00:00+00:00,109668.7,109708.2,109499.5,109528.1,669.931,No Supply
2025-08-26 03:15:00+00:00,109528.2,109886.5,109382.0,109733.2,1019.643,No Demand
2025-08-26 03:30:00+00:00,109733.3,109888.8,109733.2,109817.8,596.209,No Demand
2025-08-26 03:45:00+00:00,109817.8,109861.7,109757.4,109825.0,416.466,No Demand
2025-08-26 04:45:00+00:00,109976.9,110106.4,109880.0,110041.0,518.74,No Demand
2025-08-26 05:15:00+00:00,110190.0,110217.5,110101.6,110101.6,507.986,No Supply
2025-08-26 06:30:00+00:00,109961.9,110048.8,109924.5,109957.7,480.522,No Supply
2025-08-26 06:45:00+00:00,109957.8,110054.6,109858.9,109949.4,504.676,No Supply
2025-08-26 13:15:00+00:00,110113.9,110159.8,109740.6,109808.1,1499.587,Strong Bearish
2025-08-26 16:45:00+00:00,109772.8,110129.7,109662.7,110129.6,1154.925,Strong Bullish
2025-08-26 18:30:00+00:00,110444.4,110939.2,110341.3,110842.6,2627.3,Strong Bullish
2025-08-26 19:15:00+00:00,110612.2,111099.6,110555.8,111059.3,2589.503,Strong Bullish
2025-08-26 20:30:00+00:00,111268.9,111269.0,111121.3,111139.6,1030.604,No Supply
2025-08-26 20:45:00+00:00,111139.5,111311.0,111081.1,111258.6,896.701,No Demand
2025-08-26 21:00:00+00:00,111258.5,111287.6,111052.5,111062.5,588.112,No Supply
2025-08-26 21:15:00+00:00,111062.6,111269.1,111062.5,111219.9,413.968,No Demand
2025-08-26 22:30:00+00:00,111579.1,111704.5,111501.6,111541.4,806.037,No Supply
2025-08-26 22:45:00+00:00,111541.5,111871.0,111520.0,111848.1,622.448,No Demand
2025-08-26 23:00:00+00:00,111848.0,112330.0,111827.5,112270.0,3327.072,Strong Bullish
2025-08-26 23:45:00+00:00,111836.9,111837.0,111674.8,111709.9,632.339,No Supply
2025-08-27 01:15:00+00:00,111352.5,111354.9,111153.8,111206.2,678.143,No Supply
2025-08-27 01:30:00+00:00,111206.3,111323.3,111053.3,111080.5,716.308,No Supply
2025-08-27 01:45:00+00:00,111081.0,111296.0,111081.0,111249.5,654.95,No Demand
2025-08-27 02:00:00+00:00,111249.6,111294.6,111066.6,111102.4,668.987,No Supply
2025-08-27 02:45:00+00:00,111321.6,111321.7,111057.5,111084.4,509.424,No Supply
2025-08-27 04:15:00+00:00,111462.7,111594.0,111364.4,111408.0,626.144,No Supply
2025-08-27 04:30:00+00:00,111407.9,111608.0,111366.2,111511.8,445.115,No Demand
2025-08-27 04:45:00+00:00,111511.8,111627.2,111464.9,111521.3,396.922,No Demand
2025-08-27 05:30:00+00:00,111317.3,111431.2,111275.0,111362.4,421.134,No Demand
2025-08-27 05:45:00+00:00,111362.3,111377.4,111292.7,111316.8,272.163,No Supply
2025-08-27 06:00:00+00:00,111316.8,111326.2,111211.3,111232.0,528.617,No Supply
2025-08-27 08:45:00+00:00,110503.5,110723.0,110306.9,110705.2,1802.782,Strong Bullish
2025-08-27 09:45:00+00:00,110855.3,110855.4,110753.8,110763.9,588.739,No Supply
2025-08-27 10:00:00+00:00,110763.9,111040.4,110763.9,111040.4,546.856,No Demand
2025-08-27 10:45:00+00:00,111009.7,111054.0,110923.6,110928.5,225.912,No Supply
2025-08-27 11:15:00+00:00,111229.0,111229.0,111079.9,111128.2,431.828,No Supply
2025-08-27 11:30:00+00:00,111128.2,111256.2,111128.2,111193.5,384.222,No Demand
2025-08-27 13:45:00+00:00,111509.3,111845.2,111321.9,111434.3,3370.902,Strong Bearish
2025-08-27 14:15:00+00:00,111597.1,112152.7,111467.3,112141.2,2810.616,Strong Bullish
2025-08-27 14:30:00+00:00,112141.3,112568.5,111863.6,111863.6,5931.001,Strong Bearish
2025-08-27 15:15:00+00:00,111932.8,112003.3,111628.3,111724.7,1045.372,No Supply
2025-08-27 15:45:00+00:00,111749.0,111975.0,111680.8,111965.1,1144.28,No Demand
2025-08-27 16:00:00+00:00,111965.0,111991.6,111758.0,111861.8,1035.1,No Supply
2025-08-27 16:15:00+00:00,111861.8,112086.9,111603.9,111773.8,1252.638,No Supply
2025-08-27 16:30:00+00:00,111773.8,111866.1,111489.8,111821.9,1268.697,No Demand
2025-08-27 16:45:00+00:00,111821.8,112198.8,111738.9,112062.0,1133.241,No Demand
2025-08-27 17:00:00+00:00,112062.0,112062.1,111859.9,111919.3,655.298,No Supply
2025-08-27 17:45:00+00:00,112237.9,112355.6,112206.0,112286.2,488.607,No Demand
2025-08-27 19:00:00+00:00,111890.4,112098.0,111502.0,111623.6,2740.251,Strong Bearish
2025-08-27 19:30:00+00:00,111971.0,112174.0,111954.9,112044.0,848.883,No Demand
2025-08-27 19:45:00+00:00,112044.1,112073.4,111872.7,112032.8,653.436,No Supply
2025-08-27 20:15:00+00:00,111875.7,112307.6,110854.4,112030.0,9952.176,Strong Bullish
2025-08-27 20:45:00+00:00,112278.5,112368.6,112051.0,112363.1,1138.267,No Demand
2025-08-27 21:00:00+00:00,112363.2,112401.5,111993.0,112052.6,1185.529,No Supply
2025-08-27 21:30:00+00:00,111747.3,111860.4,111550.0,111613.4,717.728,No Supply
2025-08-27 21:45:00+00:00,111613.5,111660.8,111322.7,111480.7,908.602,No Supply
2025-08-27 22:15:00+00:00,111117.3,111327.3,111117.2,111265.5,859.946,No Demand
2025-08-27 22:30:00+00:00,111265.4,111545.2,111240.4,111545.2,644.564,No Demand
2025-08-27 22:45:00+00:00,111545.1,111551.7,111340.4,111355.1,435.097,No Supply
2025-08-27 23:00:00+00:00,111355.1,111491.2,111296.6,111313.0,455.343,No Supply
2025-08-27 23:30:00+00:00,111297.3,111380.4,111039.9,111069.4,700.728,No Supply
2025-08-28 01:00:00+00:00,111286.9,111520.0,111282.7,111463.1,642.493,No Demand
2025-08-28 01:15:00+00:00,111463.1,111545.2,111334.5,111390.4,601.075,No Supply
2025-08-28 01:30:00+00:00,111390.4,111585.7,111374.3,111510.0,564.153,No Demand
2025-08-28 02:15:00+00:00,111530.0,111600.0,111412.2,111565.7,451.939,No Demand
2025-08-28 02:30:00+00:00,111565.6,111620.0,111413.0,111453.3,302.481,No Supply
2025-08-28 02:45:00+00:00,111453.3,111550.2,111389.9,111442.4,284.931,No Supply
2025-08-28 04:30:00+00:00,112251.4,112760.0,112231.6,112737.6,3387.915,Strong Bullish
2025-08-28 07:45:00+00:00,113090.5,113120.7,113019.9,113079.2,518.559,No Supply
2025-08-28 08:45:00+00:00,113112.5,113127.7,112961.6,113072.0,589.829,No Supply
2025-08-28 09:00:00+00:00,113071.9,113088.0,112979.5,112979.5,564.829,No Supply
2025-08-28 09:45:00+00:00,112853.1,112869.6,112806.9,112819.9,403.09,No Supply
2025-08-28 10:15:00+00:00,112980.1,112987.6,112841.9,112867.4,342.734,No Supply
2025-08-28 11:15:00+00:00,112941.6,112976.6,112890.8,112902.5,258.762,No Supply
2025-08-28 11:30:00+00:00,112902.5,112920.0,112813.3,112813.3,306.05,No Supply
2025-08-28 12:30:00+00:00,112806.3,113162.9,112728.9,113091.1,1930.368,Strong Bullish
2025-08-28 13:15:00+00:00,113060.5,113429.0,112962.0,112987.2,2114.442,Strong Bearish
2025-08-28 13:30:00+00:00,112987.2,113166.0,112785.5,112871.3,2459.304,Strong Bearish
2025-08-28 13:45:00+00:00,112872.1,112905.6,112525.0,112787.1,3874.865,Shakeout
2025-08-28 15:00:00+00:00,113115.6,113150.0,112950.0,112991.2,919.832,No Supply
2025-08-28 16:30:00+00:00,112958.6,112996.7,112737.2,112833.7,654.807,No Supply
2025-08-28 17:15:00+00:00,112214.2,112505.0,112180.0,112471.2,1123.759,No Demand
2025-08-28 17:30:00+00:00,112471.2,112578.1,112341.1,112565.6,739.196,No Demand
2025-08-28 17:45:00+00:00,112565.6,112565.6,112300.0,112338.8,665.179,No Supply
2025-08-28 18:00:00+00:00,112338.7,112356.8,112176.2,112224.6,903.548,No Supply
2025-08-28 18:15:00+00:00,112224.6,112604.2,112224.6,112596.1,547.172,No Demand
2025-08-28 18:30:00+00:00,112596.0,112662.3,112486.5,112486.6,671.744,No Supply
2025-08-28 20:30:00+00:00,111969.0,112029.9,111855.6,111975.7,523.042,No Demand
2025-08-28 21:00:00+00:00,111850.0,112083.9,111850.0,112083.9,446.157,No Demand
2025-08-28 21:15:00+00:00,112083.8,112092.3,111875.7,111920.3,401.112,No Supply
2025-08-28 21:30:00+00:00,111920.2,111923.8,111848.0,111849.5,419.743,No Supply
2025-08-28 21:45:00+00:00,111849.6,112037.9,111849.5,111965.1,431.528,No Demand
2025-08-28 23:15:00+00:00,112317.6,112419.9,112267.0,112336.4,377.507,No Demand
2025-08-29 00:30:00+00:00,112547.7,112562.8,112155.0,112185.8,1048.774,Strong Bearish
2025-08-29 01:00:00+00:00,112160.7,112227.3,111840.0,111865.6,1210.37,Strong Bearish
2025-08-29 04:15:00+00:00,111621.9,111677.8,111561.2,111623.0,429.38,No Demand
2025-08-29 04:30:00+00:00,111623.0,111623.1,111475.0,111525.0,391.067,No Supply
2025-08-29 06:30:00+00:00,110966.3,111280.0,110850.0,111246.6,1971.802,Strong Bullish
2025-08-29 07:00:00+00:00,111224.0,111238.8,110472.9,110479.9,3678.675,Strong Bearish
2025-08-29 07:15:00+00:00,110480.0,110600.7,110064.0,110100.1,4832.996,Strong Bearish
2025-08-29 09:30:00+00:00,109699.3,109763.7,109590.0,109763.7,964.919,No Demand
2025-08-29 09:45:00+00:00,109763.7,109868.3,109710.6,109710.6,1020.247,No Supply
2025-08-29 10:15:00+00:00,109791.3,109963.9,109726.4,109885.8,807.546,No Demand
2025-08-29 10:30:00+00:00,109885.8,109961.2,109800.0,109949.3,787.971,No Demand
2025-08-29 10:45:00+00:00,109949.4,109983.9,109795.4,109949.8,637.334,No Demand
2025-08-29 11:15:00+00:00,110059.5,110072.5,109959.5,109995.8,737.128,No Supply
2025-08-29 11:45:00+00:00,109842.8,110047.9,109842.8,110047.8,557.721,No Demand
2025-08-29 12:30:00+00:00,110292.2,111489.5,110292.1,110502.6,12817.17,Upthrust
2025-08-29 12:45:00+00:00,110502.6,110745.0,110455.4,110667.7,1598.241,No Demand
2025-08-29 13:00:00+00:00,110667.6,110728.8,110440.7,110622.7,949.818,No Supply
2025-08-29 13:15:00+00:00,110622.7,110655.9,110364.2,110450.0,1001.723,No Supply
2025-08-29 13:30:00+00:00,110450.0,110507.6,109503.6,109669.3,6787.276,Strong Bearish
2025-08-29 15:45:00+00:00,108426.3,108531.5,108234.7,108334.4,1670.505,No Supply
2025-08-29 16:15:00+00:00,108577.1,108711.0,108431.9,108453.2,1390.166,No Supply
2025-08-29 16:30:00+00:00,108453.3,108777.0,108450.0,108693.3,1457.175,No Demand
2025-08-29 16:45:00+00:00,108693.2,108773.7,108495.7,108648.0,1060.729,No Supply
2025-08-29 17:00:00+00:00,108648.0,108674.6,108163.1,108181.0,1403.235,No Supply
2025-08-29 17:15:00+00:00,108180.9,108500.0,108108.0,108352.2,1266.255,No Demand
2025-08-29 17:30:00+00:00,108352.2,108570.5,108276.3,108396.1,818.413,No Demand
2025-08-29 17:45:00+00:00,108396.2,108533.4,108368.3,108411.5,744.575,No Demand
2025-08-29 18:00:00+00:00,108411.5,108459.9,108242.8,108297.6,905.269,No Supply
2025-08-29 18:30:00+00:00,108081.5,108200.0,108054.1,108091.8,853.227,No Demand
2025-08-29 18:45:00+00:00,108091.9,108186.1,108054.1,108092.5,689.626,No Demand
2025-08-29 19:00:00+00:00,108092.4,108423.7,107869.6,108311.2,2886.608,Strong Bullish
2025-08-29 19:30:00+00:00,108597.9,108697.7,108331.4,108477.6,842.32,No Supply
2025-08-29 21:15:00+00:00,107850.0,107918.9,107692.3,107918.9,808.795,No Demand
2025-08-29 22:00:00+00:00,108393.4,108433.4,108250.0,108250.0,829.728,No Supply
2025-08-29 22:15:00+00:00,108250.0,108393.8,108230.0,108293.7,555.038,No Demand
2025-08-29 22:30:00+00:00,108293.8,108360.9,108160.0,108198.0,466.411,No Supply
2025-08-29 22:45:00+00:00,108198.0,108337.5,108160.0,108337.5,343.294,No Demand
2025-08-29 23:00:00+00:00,108337.5,108461.5,108300.0,108371.9,698.119,No Demand
2025-08-29 23:15:00+00:00,108372.0,108488.0,108361.1,108405.0,511.87,No Demand
2025-08-30 01:00:00+00:00,108259.4,108318.1,108218.1,108264.1,457.901,No Demand
2025-08-30 01:45:00+00:00,107997.9,107997.9,107281.0,107404.9,3154.129,Strong Bearish
2025-08-30 02:00:00+00:00,107405.0,107751.6,107340.6,107736.4,1865.434,Strong Bullish
2025-08-30 02:30:00+00:00,107786.7,107910.7,107786.6,107897.9,686.455,No Demand
2025-08-30 02:45:00+00:00,107897.9,107903.5,107738.2,107738.3,630.682,No Supply
2025-08-30 04:45:00+00:00,108441.4,108481.0,108345.2,108373.8,652.432,No Supply
2025-08-30 05:15:00+00:00,108203.1,108277.7,108168.7,108168.9,620.99,No Supply
2025-08-30 05:45:00+00:00,108334.6,108392.5,108242.5,108300.1,577.644,No Supply
2025-08-30 06:15:00+00:00,108284.8,108369.8,108214.5,108226.8,442.489,No Supply
2025-08-30 06:30:00+00:00,108226.8,108298.5,108200.1,108241.1,257.304,No Demand
2025-08-30 07:15:00+00:00,108225.1,108235.0,108156.1,108234.9,281.581,No Demand
2025-08-30 08:45:00+00:00,108560.6,108564.2,108480.5,108521.8,376.731,No Supply
2025-08-30 09:15:00+00:00,108451.5,108540.0,108443.7,108485.7,245.035,No Demand
2025-08-30 09:30:00+00:00,108485.6,108485.7,108420.3,108434.0,305.245,No Supply
2025-08-30 09:45:00+00:00,108434.0,108558.9,108419.2,108476.0,293.037,No Demand
2025-08-30 11:15:00+00:00,108488.6,108504.0,108426.0,108504.0,208.018,No Demand
2025-08-30 12:30:00+00:00,108462.6,108480.0,108289.0,108402.4,1400.998,Shakeout
2025-08-30 13:00:00+00:00,108563.9,108564.0,108155.0,108222.1,2223.941,Strong Bearish
2025-08-30 13:45:00+00:00,108355.3,108499.0,108300.4,108492.3,416.167,No Demand
2025-08-30 14:00:00+00:00,108492.2,108492.3,108398.0,108421.3,410.422,No Supply
2025-08-30 14:15:00+00:00,108421.4,108509.8,108358.1,108509.7,515.332,No Demand
2025-08-30 15:00:00+00:00,108607.1,108607.2,108495.8,108545.3,403.751,No Supply
2025-08-30 15:30:00+00:00,108719.7,108879.6,108595.9,108867.0,1320.306,Strong Bullish
2025-08-30 16:00:00+00:00,108809.8,108813.1,108619.4,108639.9,475.256,No Supply
2025-08-30 16:15:00+00:00,108640.0,108726.8,108619.3,108665.2,416.363,No Demand
2025-08-30 16:30:00+00:00,108665.1,108762.1,108637.0,108762.0,319.62,No Demand
2025-08-30 16:45:00+00:00,108762.0,108830.0,108762.0,108762.1,340.825,No Demand
2025-08-30 17:30:00+00:00,108777.1,108799.0,108633.7,108651.4,358.712,No Supply
2025-08-30 18:00:00+00:00,108728.9,108763.6,108684.8,108703.1,279.77,No Supply
2025-08-30 18:15:00+00:00,108703.1,108703.1,108591.7,108642.6,300.924,No Supply
2025-08-30 18:30:00+00:00,108642.7,108674.5,108567.5,108674.5,267.689,No Demand
2025-08-30 19:00:00+00:00,108684.7,108712.6,108642.6,108665.8,178.358,No Supply
2025-08-30 19:15:00+00:00,108665.8,108753.0,108594.2,108752.9,246.473,No Demand
2025-08-30 19:30:00+00:00,108753.0,108830.0,108742.2,108830.0,210.686,No Demand
2025-08-30 21:00:00+00:00,108596.3,108631.7,108430.0,108587.5,774.329,Shakeout
2025-08-30 21:30:00+00:00,108562.4,108562.4,108472.1,108525.2,214.171,No Supply
2025-08-30 21:45:00+00:00,108525.1,108566.6,108490.3,108528.4,239.803,No Demand
2025-08-30 22:15:00+00:00,108462.0,108500.0,108451.9,108498.1,210.795,No Demand
2025-08-30 22:30:00+00:00,108498.2,108513.8,108457.7,108513.7,207.982,No Demand
2025-08-30 22:45:00+00:00,108513.7,108513.8,108472.8,108473.5,184.731,No Supply
2025-08-31 00:30:00+00:00,108820.8,109177.9,108820.7,109152.2,1963.811,Strong Bullish
2025-08-31 00:45:00+00:00,109152.1,109355.0,109089.1,109339.9,2802.185,Strong Bullish
2025-08-31 02:15:00+00:00,109333.4,109368.1,109230.7,109275.2,337.823,No Supply
2025-08-31 02:30:00+00:00,109275.1,109275.2,109175.0,109175.0,412.297,No Supply
2025-08-31 02:45:00+00:00,109175.1,109177.2,109121.7,109171.6,297.892,No Supply
2025-08-31 03:00:00+00:00,109171.6,109292.6,109171.6,109269.6,434.972,No Demand
2025-08-31 05:45:00+00:00,108698.0,108725.3,108630.2,108708.0,295.842,No Demand
2025-08-31 06:00:00+00:00,108707.9,108730.4,108639.9,108720.7,376.681,No Demand
2025-08-31 06:45:00+00:00,108622.1,108692.7,108614.3,108667.9,236.026,No Demand
2025-08-31 07:00:00+00:00,108667.8,108781.1,108642.6,108727.2,301.478,No Demand
2025-08-31 07:15:00+00:00,108727.3,108740.1,108615.3,108645.0,236.137,No Supply
2025-08-31 07:30:00+00:00,108645.0,108750.0,108645.0,108726.3,226.369,No Demand
2025-08-31 07:45:00+00:00,108726.3,108726.3,108636.9,108656.9,197.761,No Supply
2025-08-31 09:15:00+00:00,109002.5,109067.2,108841.7,108841.7,565.995,Strong Bearish
2025-08-31 09:45:00+00:00,108660.3,108708.0,108404.7,108471.0,1721.946,Strong Bearish
2025-08-31 10:45:00+00:00,108350.0,108595.0,108251.3,108526.6,1642.622,Strong Bullish
2025-08-31 11:00:00+00:00,108526.6,108560.1,108470.2,108472.5,373.623,No Supply
2025-08-31 11:30:00+00:00,108486.3,108522.2,108326.5,108342.3,470.439,No Supply
2025-08-31 12:30:00+00:00,108362.6,108450.0,108336.5,108347.0,456.672,No Supply
2025-08-31 13:30:00+00:00,108252.5,108345.7,108173.3,108342.0,476.874,No Demand
2025-08-31 13:45:00+00:00,108342.0,108400.0,108271.6,108376.0,471.93,No Demand
2025-08-31 14:15:00+00:00,108283.0,108379.0,108233.5,108331.7,356.805,No Demand
2025-08-31 14:45:00+00:00,108402.1,108460.1,108388.9,108422.6,438.953,No Demand
2025-08-31 19:15:00+00:00,108948.3,109021.9,108883.5,108922.5,294.134,No Supply
2025-08-31 19:30:00+00:00,108922.6,109074.3,108922.5,109063.4,233.661,No Demand
2025-08-31 20:30:00+00:00,109013.7,109076.6,108915.9,108985.0,260.578,No Supply
2025-08-31 20:45:00+00:00,108985.0,109079.3,108964.6,109079.3,178.722,No Demand
2025-08-31 21:30:00+00:00,108973.5,109052.6,108953.3,109052.5,221.481,No Demand
2025-08-31 21:45:00+00:00,109052.5,109061.7,108957.6,108986.4,183.275,No Supply
2025-08-31 22:30:00+00:00,109126.1,109126.3,108789.0,108796.8,657.897,Strong Bearish
2025-08-31 23:15:00+00:00,108635.1,108635.1,108300.0,108336.8,1998.59,Strong Bearish
2025-08-31 23:30:00+00:00,108336.7,108388.4,108021.0,108218.9,3245.866,Shakeout
2025-09-01 04:45:00+00:00,107270.6,107422.0,107230.7,107369.2,759.294,No Demand
2025-09-01 05:45:00+00:00,107897.0,107914.9,107781.1,107811.2,555.116,No Supply
2025-09-01 06:45:00+00:00,108050.9,108079.9,107964.5,108019.9,677.347,No Supply
2025-09-01 07:15:00+00:00,107953.5,108400.0,107931.1,108389.7,1903.377,Strong Bullish
2025-09-01 07:45:00+00:00,108769.2,109390.3,108769.1,109390.3,5303.928,Strong Bullish
2025-09-01 08:00:00+00:00,109390.2,109779.0,109374.4,109473.6,6332.974,Upthrust
2025-09-01 08:30:00+00:00,109393.3,109574.8,109390.0,109549.9,1168.609,No Demand
2025-09-01 08:45:00+00:00,109549.9,109650.0,109478.7,109552.2,708.874,No Demand
2025-09-01 09:00:00+00:00,109552.1,109763.7,109450.0,109763.7,1372.031,No Demand
2025-09-01 09:15:00+00:00,109763.6,109771.2,109607.0,109661.7,1124.407,No Supply
2025-09-01 09:45:00+00:00,109775.0,109800.0,109450.0,109485.3,1416.853,No Supply
2025-09-01 10:30:00+00:00,108826.1,108835.6,108131.6,108302.5,5616.591,Strong Bearish
2025-09-01 11:00:00+00:00,108526.4,108674.9,108404.9,108546.5,1398.95,No Demand
2025-09-01 11:15:00+00:00,108546.5,108684.5,108483.5,108629.3,1122.653,No Demand
2025-09-01 11:30:00+00:00,108629.2,108650.0,108429.4,108456.9,887.552,No Supply
2025-09-01 11:45:00+00:00,108456.8,108817.8,108456.8,108721.9,1029.6,No Demand
2025-09-01 12:00:00+00:00,108721.8,108875.0,108582.7,108850.0,1217.169,No Demand
2025-09-01 12:15:00+00:00,108850.0,108945.8,108721.1,108881.1,856.735,No Demand
2025-09-01 12:45:00+00:00,108905.4,109067.2,108868.1,109055.0,839.148,No Demand
2025-09-01 14:45:00+00:00,109034.9,109182.1,108815.8,109105.1,722.858,No Demand
2025-09-01 16:15:00+00:00,108959.8,109050.0,108856.4,108890.0,714.386,No Supply
2025-09-01 16:30:00+00:00,108890.1,108987.8,108720.8,108835.4,561.704,No Supply
2025-09-01 16:45:00+00:00,108835.5,108949.5,108643.7,108732.6,580.43,No Supply
2025-09-01 19:00:00+00:00,109188.4,109262.8,109133.3,109168.0,390.765,No Supply
2025-09-01 19:15:00+00:00,109168.1,109298.6,109125.3,109137.8,507.622,No Supply
2025-09-01 19:30:00+00:00,109137.8,109281.7,109125.4,109222.2,293.116,No Demand
2025-09-01 19:45:00+00:00,109222.1,109224.9,109125.0,109178.7,406.185,No Supply
2025-09-01 20:15:00+00:00,109054.6,109070.9,108964.0,109036.7,373.389,No Supply
2025-09-01 20:30:00+00:00,109036.7,109046.1,108415.0,108415.0,2412.303,Strong Bearish
2025-09-01 20:45:00+00:00,108415.0,108839.8,108215.7,108839.7,4249.573,Strong Bullish
2025-09-01 21:00:00+00:00,108839.6,108899.7,108374.0,108374.0,1780.29,Strong Bearish
2025-09-01 21:15:00+00:00,108374.0,108523.9,108050.0,108088.9,2356.203,Strong Bearish
2025-09-01 21:30:00+00:00,108089.0,108089.0,107400.0,107535.0,4758.438,Strong Bearish
2025-09-01 22:30:00+00:00,107995.8,108158.7,107891.1,108004.4,1346.814,No Demand
2025-09-01 22:45:00+00:00,108004.3,108454.9,107981.5,108386.2,1199.075,No Demand
2025-09-01 23:00:00+00:00,108386.3,108725.1,108369.8,108704.8,1604.107,No Demand
2025-09-01 23:15:00+00:00,108704.7,108751.6,108550.8,108751.6,753.181,No Demand
2025-09-02 00:00:00+00:00,109187.9,109228.0,109002.3,109045.0,1224.008,No Supply
2025-09-02 00:15:00+00:00,109045.2,109298.9,108975.6,108975.6,1219.856,No Supply
2025-09-02 00:45:00+00:00,108834.9,109076.9,108834.9,108985.3,637.205,No Demand
2025-09-02 01:15:00+00:00,109151.0,109219.4,109003.4,109157.7,695.613,No Demand
2025-09-02 02:00:00+00:00,109262.3,109488.0,109230.7,109304.4,857.779,No Demand
2025-09-02 02:45:00+00:00,109581.1,110247.6,109557.3,110210.1,4310.957,Strong Bullish
2025-09-02 03:00:00+00:00,110210.0,110393.5,110011.7,110329.1,3821.486,Shakeout
2025-09-02 03:45:00+00:00,110283.0,110461.5,110252.9,110286.0,803.509,No Demand
2025-09-02 04:00:00+00:00,110286.0,110322.2,110169.8,110322.2,978.271,No Demand
2025-09-02 04:15:00+00:00,110322.3,110378.5,110200.0,110268.4,697.411,No Supply
2025-09-02 04:30:00+00:00,110268.5,110329.2,110127.0,110192.0,682.499,No Supply
2025-09-02 04:45:00+00:00,110192.0,110279.9,110110.0,110272.1,833.913,No Demand
2025-09-02 05:00:00+00:00,110272.1,110300.0,110002.7,110148.1,939.842,No Supply
2025-09-02 05:15:00+00:00,110148.2,110227.8,110051.2,110108.8,525.505,No Supply
2025-09-02 05:30:00+00:00,110108.9,110163.6,110061.9,110074.2,487.832,No Supply
2025-09-02 05:45:00+00:00,110074.2,110273.0,110074.2,110164.6,542.56,No Demand
2025-09-02 07:45:00+00:00,110225.9,110359.1,109932.4,110190.1,1966.18,Shakeout
2025-09-02 09:45:00+00:00,110337.7,110408.1,110246.3,110408.0,475.984,No Demand
2025-09-02 10:15:00+00:00,110396.7,110422.8,110193.8,110196.0,448.044,No Supply
2025-09-02 12:00:00+00:00,109698.6,109804.5,109333.0,109364.5,3840.735,Strong Bearish
2025-09-02 12:30:00+00:00,109389.5,109437.8,108612.1,108708.1,4934.994,Strong Bearish
2025-09-02 12:45:00+00:00,108708.1,108800.2,108333.0,108749.6,8073.189,Shakeout
2025-09-02 13:30:00+00:00,109325.2,110507.5,108990.7,110432.6,12432.641,Strong Bullish
2025-09-02 13:45:00+00:00,110432.6,111243.9,110360.8,111113.4,10338.015,Strong Bullish
2025-09-02 14:45:00+00:00,111484.1,111570.4,111061.1,111308.5,3054.058,No Supply
2025-09-02 15:00:00+00:00,111308.6,111350.0,110887.5,111345.9,3335.458,No Demand
2025-09-02 15:15:00+00:00,111345.9,111480.2,110985.1,111209.9,1907.703,No Supply
2025-09-02 15:30:00+00:00,111210.0,111227.9,110837.1,110916.7,2138.95,No Supply
2025-09-02 15:45:00+00:00,110916.7,111045.1,110555.8,110789.9,3542.407,No Supply
2025-09-02 16:00:00+00:00,110789.9,111044.7,110758.8,110919.8,1726.964,No Demand
2025-09-02 16:15:00+00:00,110919.8,111076.8,110418.0,110442.7,2661.147,No Supply
2025-09-02 16:30:00+00:00,110442.7,110779.5,110442.6,110534.9,1543.867,No Demand
2025-09-02 16:45:00+00:00,110535.0,110745.7,110465.0,110745.7,1185.797,No Demand
2025-09-02 17:00:00+00:00,110745.7,110900.0,110579.0,110617.5,1334.183,No Supply
2025-09-02 17:15:00+00:00,110617.4,110885.7,110601.8,110828.9,895.308,No Demand
2025-09-02 17:30:00+00:00,110828.9,110966.6,110640.5,110808.0,1183.261,No Supply
2025-09-02 17:45:00+00:00,110808.1,111000.0,110807.7,110853.8,776.44,No Demand
2025-09-02 18:15:00+00:00,110493.1,110640.0,110347.9,110420.1,1072.157,No Supply
2025-09-02 18:30:00+00:00,110420.2,110538.3,110311.2,110462.4,842.72,No Demand
2025-09-02 19:15:00+00:00,110487.1,110615.3,110401.1,110459.4,783.196,No Supply
2025-09-02 19:30:00+00:00,110459.4,110688.6,110390.2,110613.1,577.101,No Demand
2025-09-02 19:45:00+00:00,110613.1,110760.5,110514.7,110742.9,623.207,No Demand
2025-09-02 21:30:00+00:00,111251.1,111437.8,111251.0,111301.8,665.175,No Demand
2025-09-02 22:00:00+00:00,111066.1,111086.0,110812.4,111067.9,2426.741,Shakeout
2025-09-02 22:15:00+00:00,111068.0,111127.4,110939.8,110999.9,578.301,No Supply
2025-09-02 22:30:00+00:00,110999.8,111201.0,110920.0,111140.5,605.174,No Demand
2025-09-02 22:45:00+00:00,111140.4,111216.2,111100.7,111216.1,347.76,No Demand
2025-09-02 23:00:00+00:00,111216.1,111230.7,111010.2,111184.9,519.146,No Supply
2025-09-02 23:15:00+00:00,111184.9,111201.1,111000.0,111021.8,449.944,No Supply
2025-09-02 23:30:00+00:00,111021.9,111111.0,110958.5,111057.7,360.909,No Demand
2025-09-02 23:45:00+00:00,111057.7,111188.0,111030.0,111188.0,329.284,No Demand
2025-09-03 00:00:00+00:00,111187.9,111499.0,111173.2,111476.1,1481.353,Strong Bullish
2025-09-03 02:30:00+00:00,111332.2,111332.2,111139.9,111287.0,589.776,No Supply
2025-09-03 03:45:00+00:00,110901.6,111077.0,110891.2,110991.7,438.267,No Demand
2025-09-03 04:30:00+00:00,110965.8,111044.9,110923.1,110977.7,298.04,No Demand
2025-09-03 04:45:00+00:00,110977.7,111048.4,110915.0,110966.7,204.767,No Supply
2025-09-03 05:30:00+00:00,110730.7,110804.6,110682.5,110729.3,368.428,No Supply
2025-09-03 06:00:00+00:00,110647.6,110706.2,110523.0,110654.4,1489.131,Shakeout
2025-09-03 06:45:00+00:00,110702.2,110770.0,110623.0,110676.6,306.319,No Supply
2025-09-03 08:45:00+00:00,111013.6,111029.6,110923.0,110974.9,322.755,No Supply
2025-09-03 11:00:00+00:00,111402.0,111670.0,111367.5,111594.4,1674.364,Strong Bullish
2025-09-03 11:45:00+00:00,111532.8,111532.9,111384.6,111391.6,420.796,No Supply
2025-09-03 12:30:00+00:00,111466.7,111831.4,111200.0,111206.2,2682.955,Strong Bearish
2025-09-03 13:30:00+00:00,111284.1,111666.0,111040.0,111607.7,3148.363,Strong Bullish
2025-09-03 14:00:00+00:00,111409.4,111799.8,111146.1,111153.0,3873.805,Strong Bearish
2025-09-03 14:30:00+00:00,111390.7,112470.5,111390.7,112442.2,8073.288,Strong Bullish
2025-09-03 15:15:00+00:00,112056.0,112136.8,111850.0,111900.9,1768.792,No Supply
2025-09-03 15:30:00+00:00,111900.8,112266.0,111880.0,112262.0,1688.075,No Demand
2025-09-03 15:45:00+00:00,112261.9,112303.5,112106.5,112168.6,952.396,No Supply
2025-09-03 16:00:00+00:00,112168.5,112296.8,112029.5,112129.9,1055.753,No Supply
2025-09-03 16:15:00+00:00,112130.0,112130.0,111833.0,111913.2,1228.638,No Supply
2025-09-03 16:30:00+00:00,111913.3,112065.5,111660.0,111682.2,1666.682,No Supply
2025-09-03 16:45:00+00:00,111682.2,111810.0,111626.0,111810.0,1127.022,No Demand
2025-09-03 18:00:00+00:00,112251.8,112467.4,112197.6,112331.3,934.17,No Demand
2025-09-03 18:15:00+00:00,112331.2,112334.0,112067.9,112090.4,795.242,No Supply
2025-09-03 18:45:00+00:00,111835.9,111952.9,111740.9,111952.8,831.758,No Demand
2025-09-03 19:00:00+00:00,111952.9,111952.9,111757.5,111757.6,551.313,No Supply
2025-09-03 19:15:00+00:00,111757.6,111905.3,111724.1,111857.6,547.904,No Demand
2025-09-03 19:30:00+00:00,111857.6,111951.3,111734.8,111794.2,448.506,No Supply
2025-09-03 20:00:00+00:00,112140.0,112196.8,112033.4,112056.7,553.679,No Supply
2025-09-03 20:15:00+00:00,112056.7,112092.4,111984.4,112081.4,496.028,No Demand
2025-09-03 20:30:00+00:00,112081.4,112119.2,112022.9,112084.3,186.533,No Demand
2025-09-03 20:45:00+00:00,112084.2,112166.8,112080.0,112166.8,433.197,No Demand
2025-09-03 21:00:00+00:00,112166.8,112207.1,112082.4,112088.4,273.368,No Supply
2025-09-03 21:15:00+00:00,112088.4,112135.7,112000.0,112046.8,318.744,No Supply
2025-09-03 23:00:00+00:00,111899.9,111935.7,111782.0,111810.5,280.869,No Supply
2025-09-04 00:15:00+00:00,111679.7,112045.0,111614.7,111955.0,1021.487,Strong Bullish
2025-09-04 01:45:00+00:00,111828.3,111900.0,111736.8,111900.0,252.687,No Demand
2025-09-04 02:15:00+00:00,111767.3,111776.4,111367.4,111367.5,1675.73,Strong Bearish
2025-09-04 03:15:00+00:00,111422.0,111678.7,111250.0,111332.5,1630.9,Strong Bearish
2025-09-04 08:45:00+00:00,110664.0,110664.1,110561.6,110595.3,394.273,No Supply
2025-09-04 09:15:00+00:00,110787.7,110800.0,110724.1,110754.3,424.695,No Supply
2025-09-04 09:30:00+00:00,110754.4,110808.5,110701.7,110720.0,575.642,No Supply
2025-09-04 09:45:00+00:00,110720.1,110764.1,110678.7,110764.1,383.07,No Demand
2025-09-04 10:30:00+00:00,110830.3,110973.0,110810.6,110870.1,484.177,No Demand
2025-09-04 10:45:00+00:00,110870.1,110888.3,110561.2,110569.0,1361.169,Strong Bearish
2025-09-04 11:00:00+00:00,110568.9,110929.5,110478.9,110929.5,1949.107,Strong Bullish
2025-09-04 11:30:00+00:00,110872.8,110956.6,110850.0,110932.2,294.968,No Demand
2025-09-04 12:30:00+00:00,110841.2,110993.9,110463.8,110570.0,2045.228,Strong Bearish
2025-09-04 13:00:00+00:00,110888.8,110931.9,110717.0,110717.0,565.291,No Supply
2025-09-04 13:45:00+00:00,110539.0,110558.8,110150.0,110421.2,2825.913,Shakeout
2025-09-04 14:00:00+00:00,110421.2,110486.0,109676.0,109771.0,6917.204,Strong Bearish
2025-09-04 14:45:00+00:00,110064.0,110148.0,109797.0,109799.9,1154.434,No Supply
2025-09-04 15:30:00+00:00,109465.5,109535.8,109335.0,109415.3,1323.949,No Supply
2025-09-04 15:45:00+00:00,109415.4,109609.1,109400.0,109448.0,1283.41,No Demand
2025-09-04 16:00:00+00:00,109448.0,109648.7,109395.8,109597.3,1495.915,No Demand
2025-09-04 16:15:00+00:00,109597.3,109621.8,109350.7,109363.7,1053.673,No Supply
2025-09-04 16:30:00+00:00,109363.7,109538.4,109315.0,109401.0,1071.936,No Demand
2025-09-04 16:45:00+00:00,109401.0,109477.0,109353.6,109384.9,842.084,No Supply
2025-09-04 17:30:00+00:00,109760.4,109779.8,109571.4,109571.5,614.87,No Supply
2025-09-04 17:45:00+00:00,109571.4,109870.0,109557.3,109728.3,635.586,No Demand
2025-09-04 18:00:00+00:00,109728.4,110150.0,109728.3,110062.6,2201.405,Strong Bullish
2025-09-04 18:45:00+00:00,109992.2,110105.9,109886.6,109918.6,593.282,No Supply
2025-09-04 19:00:00+00:00,109918.7,110063.0,109885.3,110027.0,623.129,No Demand
2025-09-04 19:15:00+00:00,110027.0,110046.7,109858.3,109948.4,532.421,No Supply
2025-09-04 20:30:00+00:00,110301.6,110313.8,110205.4,110240.7,511.264,No Supply
2025-09-04 20:45:00+00:00,110240.7,110350.0,110211.5,110350.0,534.793,No Demand
2025-09-04 21:00:00+00:00,110350.0,110430.0,110278.9,110278.9,582.052,No Supply
2025-09-04 21:15:00+00:00,110279.0,110410.7,110265.6,110370.7,308.59,No Demand
2025-09-04 21:30:00+00:00,110370.7,110443.5,110340.9,110443.4,294.073,No Demand
2025-09-04 21:45:00+00:00,110443.5,110500.0,110368.9,110445.8,328.818,No Demand
2025-09-04 22:15:00+00:00,110504.3,110860.0,110475.8,110777.6,1965.799,Strong Bullish
2025-09-04 22:45:00+00:00,110709.1,111560.0,110686.8,111454.9,3992.84,Strong Bullish
2025-09-04 23:00:00+00:00,111454.9,111743.8,111290.9,111370.9,3697.818,Strong Bearish
2025-09-05 00:15:00+00:00,110610.9,110732.6,110539.6,110658.0,763.352,No Demand
2025-09-05 00:30:00+00:00,110657.9,110893.5,110600.0,110684.9,1001.262,No Demand
2025-09-05 00:45:00+00:00,110684.8,110684.9,110394.2,110418.0,872.379,No Supply
2025-09-05 01:00:00+00:00,110418.0,110615.3,110405.5,110540.9,691.293,No Demand
2025-09-05 01:15:00+00:00,110540.9,110845.2,110461.5,110758.6,860.987,No Demand
2025-09-05 01:30:00+00:00,110758.6,110985.8,110742.0,110985.7,679.63,No Demand
2025-09-05 03:15:00+00:00,111119.9,111234.4,111058.9,111083.8,516.709,No Supply
2025-09-05 03:30:00+00:00,111083.9,111145.5,111040.5,111137.4,535.359,No Demand
2025-09-05 03:45:00+00:00,111137.4,111279.6,111124.4,111266.9,443.094,No Demand
2025-09-05 04:00:00+00:00,111267.0,111311.0,111114.3,111123.3,417.137,No Supply
2025-09-05 04:15:00+00:00,111123.3,111254.4,111086.2,111213.5,303.658,No Demand
2025-09-05 10:45:00+00:00,112336.8,112345.7,112199.1,112199.1,401.204,No Supply
2025-09-05 11:45:00+00:00,112289.3,112319.4,112235.7,112299.6,579.586,No Demand
2025-09-05 12:30:00+00:00,112550.8,113300.0,112000.0,112614.1,19082.053,Upthrust
2025-09-05 12:45:00+00:00,112614.1,113344.3,112487.7,113159.1,5367.464,Strong Bullish
2025-09-05 13:15:00+00:00,113000.1,113056.8,112846.7,112899.7,1709.245,No Supply
2025-09-05 14:15:00+00:00,112194.4,112231.6,110866.2,110958.9,16384.408,Strong Bearish
2025-09-05 15:15:00+00:00,110575.3,110949.5,110575.3,110833.7,2949.835,No Demand
2025-09-05 15:30:00+00:00,110833.7,110974.8,110613.5,110955.7,1690.08,No Demand
2025-09-05 15:45:00+00:00,110955.6,110955.6,110633.9,110674.1,1323.657,No Supply
2025-09-05 16:00:00+00:00,110674.1,110772.1,110485.3,110744.8,1715.111,No Demand
2025-09-05 16:15:00+00:00,110744.7,110759.7,110511.9,110686.4,854.803,No Supply
2025-09-05 16:30:00+00:00,110686.4,110830.0,110656.7,110828.0,676.017,No Demand
2025-09-05 16:45:00+00:00,110827.9,110886.4,110640.2,110767.3,690.985,No Supply
2025-09-05 17:00:00+00:00,110767.3,110770.0,110480.0,110656.6,1145.771,No Supply
2025-09-05 17:15:00+00:00,110656.6,110761.7,110617.1,110635.3,594.321,No Supply
2025-09-05 19:00:00+00:00,111146.1,111247.0,111072.0,111148.7,905.416,No Demand
2025-09-05 20:15:00+00:00,111367.8,111402.3,111286.0,111316.0,540.053,No Supply
2025-09-05 20:30:00+00:00,111315.9,111524.0,111235.3,111479.6,568.723,No Demand
2025-09-05 21:00:00+00:00,111581.8,111655.5,111130.1,111260.2,2271.301,Strong Bearish
2025-09-05 21:15:00+00:00,111260.3,111282.1,110307.6,110912.8,7876.911,Shakeout
2025-09-05 21:45:00+00:00,110792.6,110800.0,110544.0,110544.1,627.769,No Supply
2025-09-05 22:00:00+00:00,110544.0,110654.3,110438.1,110556.2,1087.188,No Demand
2025-09-05 22:15:00+00:00,110556.3,110649.0,110556.2,110626.0,291.553,No Demand
2025-09-05 22:30:00+00:00,110625.9,110873.6,110625.9,110840.1,787.466,No Demand
2025-09-05 22:45:00+00:00,110840.0,110856.1,110743.3,110745.2,378.337,No Supply
2025-09-05 23:00:00+00:00,110745.2,110819.5,110706.3,110728.8,455.346,No Supply
2025-09-05 23:15:00+00:00,110728.7,110777.6,110660.5,110691.7,287.614,No Supply
2025-09-05 23:30:00+00:00,110691.6,110700.3,110636.6,110694.7,222.621,No Demand
2025-09-06 00:45:00+00:00,110744.0,110785.0,110714.2,110729.4,221.863,No Supply
2025-09-06 01:30:00+00:00,110753.4,110836.8,110735.5,110825.7,207.157,No Demand
2025-09-06 01:45:00+00:00,110825.7,110874.9,110812.2,110817.6,261.905,No Supply
2025-09-06 02:00:00+00:00,110817.5,110870.9,110745.0,110751.8,234.226,No Supply
2025-09-06 02:15:00+00:00,110751.7,110775.0,110675.6,110699.2,230.487,No Supply
2025-09-06 02:45:00+00:00,110845.8,111174.7,110845.7,111170.1,1437.481,Strong Bullish
2025-09-06 03:45:00+00:00,111021.9,111034.0,110980.0,111034.0,188.115,No Demand
2025-09-06 04:45:00+00:00,110807.8,110929.8,110807.8,110834.8,255.512,No Demand
2025-09-06 05:30:00+00:00,110703.0,110780.0,110655.9,110712.9,282.202,No Demand
2025-09-06 06:00:00+00:00,110678.7,110693.6,110661.5,110677.9,196.713,No Supply
2025-09-06 06:15:00+00:00,110677.8,110743.3,110660.0,110736.5,243.652,No Demand
2025-09-06 06:30:00+00:00,110736.5,110773.9,110703.5,110705.0,201.919,No Supply
2025-09-06 06:45:00+00:00,110705.0,110754.5,110701.2,110705.1,191.32,No Demand
2025-09-06 07:00:00+00:00,110705.1,110757.0,110700.0,110743.4,238.537,No Demand
2025-09-06 09:00:00+00:00,110906.5,110906.5,110670.0,110678.6,631.558,Strong Bearish
